Benjamin Schmid <bene.schmid@gmail.com>
Chris Elliott <biol75@YORK.AC.UK>
Daniel James White <dan@Daniel-Whites-MacBookPro-revA.local>
Ignacio Arganda Carreras <iarganda@pacific.mpi-cbg.de>
Ignacio Arganda Carreras <iarganda@pons.(none)>
Ignacio Arganda Carreras <iarganda@tomancak-pc-4.(none)>
Ignacio Arganda Carreras <iarganda@winfried.(none)>
Ignacio Arganda Carreras <ignacio@asclepio.(none)>
Ignacio Arganda Carreras <ignacio@asclepio.ii.uam.es>
Ignacio Arganda Carreras <ignacio@guest125.lan.ini.uzh.ch>
Ignacio Arganda Carreras <ignacio.arganda@gmail.com>
Ignacio Arganda Carreras <iarganda@iarganda-laptop.(none)>
Ignacio Arganda Carreras <iarganda@n027.bw02.mit.edu>
Jacques Pecreaux <jacques.pecreaux@googlemail.com>
Jean-Yves Tinevez <tinevez@ibiscus.pfid.pasteur.fr>
Jean-Yves Tinevez <tinevez@intel-tinevez-3-302.local>
Jean-Yves Tinevez <tinevez@intel-tinevez-3-302.mpi-cbg.de>
Jean-Yves Tinevez <tinevez@private-tinevez.local>
Jean-Yves Tinevez <tinevez@private-tinevez.mpi-cbg.de>
Jean-Yves Tinevez <tinevez@ibiscus.local>
Jean-Yves Tinevez <Jean-Yves@.(none)>
Johannes Schindelin <imaging@Leonhard.(none)>
Johannes Schindelin <michaelstirrat@michael-stirrats-mac-mini.local>
Johannes Schindelin <schindel@Schindels-Computer.local>
Josh Moore <josh@glencoesoftware.com>
Kota Miura <miura@embl.de>
Mark Longair <longair@pacific.mpi-cbg.de>
Pavel Tomancak <tomancak@mpi-cbg.de>
Stephan Preibisch <Stephan@mobilejimmy.(none)>
Stephan Preibisch <preibischs@iudcmac03-9.janelia.priv>
Stephan Saalfeld <saalfeld@mpi-cbg.de>
Verena Kaynig <vkaynig@venera9.(none)>
Verena Kaynig <verena.kaynig@inf.ethz.ch>
Verena Kaynig <root@Nenya.inf.ethz.ch>
Yili Zhao <panovr@gmail.com>
